{
  "random_forest": 0.20342397689819336,
  "logreg": 0.55548095703125,
  "svm_linear": 0.25539612770080566,
  "quantum_qnn": 49.47246599197388
}